harga,tahun,merk
Rp 1.150.000.000,2020,Harley Davidson RoadGlide Special
Rp 30.500.000,2023,ALL NEW NMAX CONNECTED 2023
Rp 31.000.000,2017,Vespa S I-Get 125 Tahun 2017 Abu-abu
Rp 22.000.000,2023,Di Jual Motor Honda
Rp 17.000.000,2021,Honda scoopy surat2 lengkap
Rp 19.500.000,2009,Ninja Karbu 250cc
Rp 17.000.000,2007,Ninja r 2007 warna biru
Rp 5.000.000,2007,Dijual vario carbu 2007
Rp 28.500.000,2023,Yamaha N Max Kyles Cncted Bln 6 2023 istimewa (Bergaransi)
Rp 4.500.000,2009,Jual Mio smile THN 2009
Rp 26.000.000,2013,PIAGGIO VESPA S 3V 150 2013
Rp 26.000.000,2013,PIAGGIO S 3V 150 2013
Rp 26.000.000,2013,S 3Vie 150 2013
Rp 17.950.000,2019,AEROX 2019 ABS KEYLES PAJAK HIDUP TT NOUVO
Rp 20.000.000,2019,Yamah nmax 2019
Rp 38.000.000,2023,"DP 1,5jt Kredit Vespa LX125 IGet plat-F Piaggio Lx 125"
Rp 4.900.000,2009,JUAL KAWASAKI PULSAR 200 CC MULUS SIAP PAKAI DAN SIAP TOURING
Rp 85.000.000,2020,MOGE Motor SM Sport V16 Dimodifikasi Harley Davidson
Rp 15.800.000,2023,Jual Motor Honda Beat 2023
Rp 500.000.000,2023,BMW CE04 ELECTRIC VEHICLE
Rp 58.500.000,2022,Cbr 250rr 2022 dijual
Rp 18.000.000,2012,Yamaha Byson Custom (Bobber Benelli)
Rp 22.000.000,2004,Jual yamaha rx king
Rp 99.999.999,2011,Piaggio X-EVO 400 ( Very Rare ) 400cc tahun 2011
Rp 8.600.000,2005,Yamaha nouvo z 2005
Rp 42.500.000,2019,((DP 2JT)) NINJA 250 FI 2019 KM 10Rb-an Pajak On
Rp 12.000.000,2018,Honda Beat 2018
Rp 14.900.000,2014,For sele kawasaki KLX 2014
Rp 15.900.000,2019,((DP 750RB)) SCOOPY SPORTY 2019 Ban donat Merah
Rp 38.500.000,2018,Vespa Primavera IGET ABS 150
Rp 1.486.000.000,2023,Ducati Panigale V4 SP2 Dark
Rp 12.500.000,2019,Genio 2019 ((DP 750RB)) Pajak On Unit
Rp 12.600.000,2020,GENIO ISS 2020 ((DP750RB)) Aja Yuk Cash & Kredit
Rp 1.035.000.000,2023,Ducati Diavel V4 Black
Rp 20.000.000,2020,Honda Vario 150LED 2020 Promo Kredit
Rp 430.000.000,2015,FOR SALE Honda CBR 1000 RR SP
Rp 19.550.000,2023,Honda Scoopy 2023 Km 2 Rb An B Dki
Rp 16.500.000,2018,AEROX STD TAHUN 2018 HITAM
Rp 375.000.000,2017,TRIUMPH T120 - 2017 - pajak panjang
Rp 21.000.000,2023,DP PROMO SCOOPY PRESTIGE 2023 PROSES DI BANTU SAMPAI ACC
